Param Counts,Max Valid Scores,Max Test Scores
23379024,85.7978744506836,86.06382751464844
